Codon,Aa,Usage,Random
AAA,Lys,3.5,1.3
AAG,Lys,1.1,1.6
AAC,Asn,2.4,1.4
AAT,Asn,1.4,1.3
AGA,Arg,0.1,1.6
AGG,Arg,0.1,1.8
AGC,Ser,1.6,1.7
AGT,Ser,0.7,1.5
ACA,Thr,0.5,1.4
ACG,Thr,1.4,1.7
ACC,Thr,2.5,1.5
ACT,Thr,0.9,1.4
ATA,Ile,0.3,1.3
ATG,Met,2.5,1.5
ATC,Ile,2.7,1.4
ATT,Ile,2.8,1.3
GAA,Glu,4.3,1.6
GAG,Glu,1.8,1.8
GAC,Asp,2.2,1.7
GAT,Asp,3.2,1.5
GGA,Gly,0.6,1.8
GGG,Gly,1.0,2.2
GGC,Gly,3.2,2.0
GGT,Gly,2.8,1.8
GCA,Ala,2.0,1.7
GCG,Ala,3.6,2.0
GCC,Ala,2.5,1.8
GCT,Ala,1.6,1.6
GTA,Val,1.1,1.5
GTG,Val,2.7,1.8
GTC,Val,1.5,1.6
GTT,Val,1.9,1.5
CAA,Gln,1.3,1.4
CAG,Gln,3.0,1.7
CAC,His,1.1,1.5
CAT,His,1.2,1.4
CGA,Arg,0.3,1.7
CGG,Arg,0.4,2.0
CGC,Arg,2.4,1.8
CGT,Arg,2.5,1.6
CCA,Pro,0.8,1.5
CCG,Pro,2.6,1.8
CCC,Pro,0.4,1.6
CCT,Pro,0.6,1.5
CTA,Leu,0.3,1.4
CTG,Leu,5.7,1.6
CTC,Leu,1.0,1.6
CTT,Leu,0.9,1.4
TAA,*,0,0
TAG,*,0,0
TAC,Tyr,1.4,1.4
TAT,Tyr,1.5,1.3
TGA,*,0,0
TGG,Trp,1.4,1.8
TGC,Cys,0.7,1.6
TGT,Cys,0.5,1.5
TCA,Ser,0.6,1.4
TCG,Ser,0.8,1.6
TCC,Ser,0.9,1.5
TCT,Ser,0.9,1.4
TTA,Leu,1.1,1.3
TTG,Leu,1.2,1.5
TTC,Phe,1.8,1.4
TTT,Phe,1.9,1.2
